{
  "id": "1652529",
  "name": "no name",
  "font_family": "iconfont",
  "css_prefix_text": "icon",
  "description": "",
  "glyphs": [
    {
      "icon_id": "3411217",
      "name": "旅行",
      "font_class": "lvhang-copy-copy-copy",
      "unicode": "e659",
      "unicode_decimal": 58969
    },
    {
      "icon_id": "7237071",
      "name": "基金",
      "font_class": "jijin",
      "unicode": "e601",
      "unicode_decimal": 58881
    },
    {
      "icon_id": "13191799",
      "name": "优惠券",
      "font_class": "coupon",
      "unicode": "e602",
      "unicode_decimal": 58882
    },
    {
      "icon_id": "4598511",
      "name": "山峰",
      "font_class": "shanfeng",
      "unicode": "e668",
      "unicode_decimal": 58984
    },
    {
      "icon_id": "10633081",
      "name": "山",
      "font_class": "shan",
      "unicode": "e613",
      "unicode_decimal": 58899
    },
    {
      "icon_id": "107799",
      "name": "定位2",
      "font_class": "location2",
      "unicode": "e611",
      "unicode_decimal": 58897
    },
    {
      "icon_id": "446731",
      "name": "首页",
      "font_class": "shouye",
      "unicode": "e62e",
      "unicode_decimal": 58926
    },
    {
      "icon_id": "1617214",
      "name": "推荐",
      "font_class": "tuijian",
      "unicode": "e60e",
      "unicode_decimal": 58894
    },
    {
      "icon_id": "1901678",
      "name": "我的",
      "font_class": "wode",
      "unicode": "e600",
      "unicode_decimal": 58880
    },
    {
      "icon_id": "6275359",
      "name": "定位",
      "font_class": "icon-test",
      "unicode": "e61b",
      "unicode_decimal": 58907
    },
    {
      "icon_id": "1920285",
      "name": "加",
      "font_class": "jia",
      "unicode": "e608",
      "unicode_decimal": 58888
    },
    {
      "icon_id": "8554269",
      "name": "方案",
      "font_class": "tubiao_fangan",
      "unicode": "e633",
      "unicode_decimal": 58931
    }
  ]
}
